calibrator,cohort,k,n_k,base_rate_k,mean_pred,auc,brier,ece,mce,bias
uncalibrated,variable,1,5707,0.23199579463816367,0.23639842909777464,0.7482317185390134,0.15357864107441266,0.03299231724180831,0.18106074816666673,0.004402634459611012
uncalibrated,variable,2,3587,0.35098968497351546,0.3351159128398941,0.7121745767245591,0.19691028566438626,0.06542184257688877,0.23147416133802823,-0.015873772133621417
uncalibrated,variable,3,2555,0.43796477495107633,0.43504819562661445,0.7618238155336664,0.1906402959329397,0.06624200619726031,0.20280943359649123,-0.0029165793244618
uncalibrated,variable,4,1829,0.5079278294149808,0.5031618785013668,0.7901758162899175,0.1846407746743156,0.06034153817441227,0.20873879765168538,-0.004765950913614004
uncalibrated,variable,5,1346,0.5638930163447251,0.5793616357800891,0.8264662774699069,0.16866045417227538,0.061562520282318,0.2171985103773585,0.01546861943536406
uncalibrated,variable,6,934,0.6231263383297645,0.6293430190503212,0.8442478912839737,0.15999893588534247,0.05401342658137048,0.19632979441791046,0.006216680720556766
uncalibrated,variable,7,682,0.6730205278592375,0.6833359452331378,0.86594956866653,0.144946803132485,0.063527915558651,0.23601261464583334,0.010315417373900272
uncalibrated,variable,8,478,0.7301255230125523,0.7245886291087866,0.8873858865862597,0.1270638526382228,0.06726328921757323,0.2279671946666666,-0.005536893903765706
uncalibrated,fixed,1,478,0.7301255230125523,0.3209898951401674,0.6184669376513183,0.3818571457395415,0.42523591301882846,0.5572301423287671,-0.409135627872385
uncalibrated,fixed,2,478,0.7301255230125523,0.3814220334435146,0.6311499078207947,0.3467652307472303,0.3732213362635983,0.49388996645070427,-0.34870348956903763
uncalibrated,fixed,3,478,0.7301255230125523,0.45642091963807535,0.6924768441394016,0.28769502511567857,0.29614823329079487,0.4447961498461539,-0.273704603374477
uncalibrated,fixed,4,478,0.7301255230125523,0.5016790821004183,0.7250394260456231,0.2549956483933074,0.2526550755983264,0.4415253626833333,-0.22844644091213392
uncalibrated,fixed,5,478,0.7301255230125523,0.5664596346338912,0.7718398080895582,0.21231615148330069,0.18172013553347277,0.37644832526666666,-0.16366588837866114
uncalibrated,fixed,6,478,0.7301255230125523,0.6139401770669456,0.8030252548810555,0.1856959384104275,0.13553799188702928,0.4233963993913043,-0.1161853459456067
uncalibrated,fixed,7,478,0.7301255230125523,0.6786856452259413,0.8507585349059328,0.14942829004735864,0.07540439694979081,0.32037210362162166,-0.05143987778661089
uncalibrated,fixed,8,478,0.7301255230125523,0.7245886291087866,0.8873858865862597,0.1270638526382228,0.06726328921757323,0.2279671946666666,-0.005536893903765706
platt,variable,1,5707,0.23199579463816367,0.2703806440832876,0.7482317185390134,0.1586338398514281,0.059539635885896613,0.2557630678196099,0.038384849445123964
platt,variable,2,3587,0.35098968497351546,0.38005944722128937,0.7121745767245591,0.20299521327748657,0.0840771509493676,0.34160868553324775,0.029069762247773853
platt,variable,3,2555,0.43796477495107633,0.4823692141486888,0.7618238155336664,0.19858542996662953,0.09048983515579474,0.317589452703155,0.04440443919761246
platt,variable,4,1829,0.5079278294149808,0.5511646148631536,0.7901758162899175,0.1917294595868864,0.09192974798867892,0.2538767484937756,0.04323678544817258
platt,variable,5,1346,0.5638930163447251,0.6242687898406252,0.8264662774699069,0.1775950581434368,0.10052630293555141,0.27192733333881536,0.060375773495900106
platt,variable,6,934,0.6231263383297645,0.6701320226130482,0.8442478912839737,0.1665955514081474,0.09162941445134107,0.23115301507442082,0.047005684283283666
platt,variable,7,682,0.6730205278592375,0.7203660942370727,0.86594956866653,0.15287180186313884,0.0938032070392541,0.258496122803188,0.04734556637783509
platt,variable,8,478,0.7301255230125523,0.7561956108077929,0.8873858865862597,0.1323006080794518,0.08474765450890537,0.29096623797171606,0.026070087795240494
platt,fixed,1,478,0.7301255230125523,0.37019486019054987,0.6184669376513183,0.3498114571287417,0.3802339360843947,0.5295627335834383,-0.35993066282200237
platt,fixed,2,478,0.7301255230125523,0.4306546031794691,0.6311499078207947,0.3186684344788995,0.33728938246374945,0.4784569580046616,-0.2994709198330832
platt,fixed,3,478,0.7301255230125523,0.5046888273218761,0.6924768441394016,0.2644571359400353,0.25669041421159505,0.4285813376355031,-0.22543669569067623
platt,fixed,4,478,0.7301255230125523,0.5503980961874135,0.7250394260456231,0.23549603243684458,0.21027677893770705,0.4627722543848561,-0.1797274268251388
platt,fixed,5,478,0.7301255230125523,0.6120178955779944,0.7718398080895582,0.19924689746442023,0.15105175216823036,0.5035317603637228,-0.11810762743455783
platt,fixed,6,478,0.7301255230125523,0.6559784691272081,0.8030252548810555,0.17779292297803173,0.11095699415502085,0.42497413282866453,-0.07414705388534411
platt,fixed,7,478,0.7301255230125523,0.7157614711910655,0.8507585349059328,0.14958813368469218,0.07412432496886903,0.31666475855206355,-0.014364051821486784
platt,fixed,8,478,0.7301255230125523,0.7561956108077929,0.8873858865862597,0.1323006080794518,0.08474765450890537,0.29096623797171606,0.026070087795240494
isotonic,variable,1,5707,0.23199579463816367,0.2657918523012669,0.7464641263657374,0.16247512811819834,0.0769675845209584,0.294936266927326,0.03379605766310324
isotonic,variable,2,3587,0.35098968497351546,0.3833759908466901,0.7120251372250381,0.2064921186644065,0.10344347453825004,0.3083853083853084,0.032386305873174676
isotonic,variable,3,2555,0.43796477495107633,0.4877810756690645,0.7612039823658708,0.20266546246453296,0.11102908142538899,0.2948717948717948,0.04981630071798819
isotonic,variable,4,1829,0.5079278294149808,0.5570471692124385,0.791002272455448,0.19476037570453755,0.10747169539456791,0.2457295024958098,0.04911933979745765
isotonic,variable,5,1346,0.5638930163447251,0.6287550661249847,0.8259433083520188,0.18120579095782696,0.1129553554942923,0.23931623931623935,0.06486204978025963
isotonic,variable,6,934,0.6231263383297645,0.6743472249894972,0.8426492697594502,0.1702519886695863,0.1037197776217312,0.25695062716339856,0.05122088665973281
isotonic,variable,7,682,0.6730205278592375,0.7217680467998282,0.8658469865275458,0.15523724643525763,0.1101761428689007,0.26890465295501786,0.048747518940590824
isotonic,variable,8,478,0.7301255230125523,0.7573156162042358,0.8824548544012794,0.13774645814531572,0.09298650884122765,0.2889263810796194,0.027190093191683626
isotonic,fixed,1,478,0.7301255230125523,0.3772202225713116,0.6201550387596899,0.35070918440206017,0.37867589192475487,0.5575395690312739,-0.35290530044124074
isotonic,fixed,2,478,0.7301255230125523,0.43940506761153386,0.6300171031296506,0.3159998195043072,0.32610845101158686,0.5090345478231066,-0.2907204554010185
isotonic,fixed,3,478,0.7301255230125523,0.5120044550027851,0.6946869238799671,0.2612707410048437,0.24509420719000674,0.46375681239805333,-0.21812106800976722
isotonic,fixed,4,478,0.7301255230125523,0.5562282617026212,0.7274272006397015,0.23411269107617552,0.19989517784591815,0.46541762145493487,-0.17389726130993105
isotonic,fixed,5,478,0.7301255230125523,0.6165806711969927,0.7710512871770951,0.19959455309473392,0.13920468319448978,0.43660261296689495,-0.1135448518155595
isotonic,fixed,6,478,0.7301255230125523,0.6603784200775364,0.8007929632838009,0.18070487550506825,0.11315682093472416,0.418689498812673,-0.06974710293501578
isotonic,fixed,7,478,0.7301255230125523,0.7176698314304125,0.851347149108194,0.1530728310707554,0.08336771422677088,0.3451363939788599,-0.012455691582139862
isotonic,fixed,8,478,0.7301255230125523,0.7573156162042358,0.8824548544012794,0.13774645814531572,0.09298650884122765,0.2889263810796194,0.027190093191683626
beta,variable,1,5707,0.23199579463816367,0.2664700926818541,0.7482317185390134,0.16116281758248927,0.06877159089310476,0.2677032887051537,0.034474298043690496
beta,variable,2,3587,0.35098968497351546,0.3822482137507247,0.7121745767245591,0.20673506074027073,0.10109129314140176,0.31713151961483266,0.03125852877720928
beta,variable,3,2555,0.43796477495107633,0.48671240742713,0.7618238155336664,0.20257340146290792,0.10515004731714349,0.28518118718037866,0.048747632476053744
beta,variable,4,1829,0.5079278294149808,0.5567473627698898,0.7901758162899175,0.19535197389197176,0.10349310753118951,0.2677973919885196,0.048819533354908906
beta,variable,5,1346,0.5638930163447251,0.6293122338109659,0.8264662774699069,0.18134976840600447,0.11178162651040136,0.21961368308214785,0.06541921746624087
beta,variable,6,934,0.6231263383297645,0.6734345015489142,0.8442478912839737,0.1691110487142795,0.10066618292874736,0.2384173648444116,0.05030816321914998
beta,variable,7,682,0.6730205278592375,0.7228267114270838,0.86594956866653,0.15582650445241852,0.10956057399533696,0.2991999023596409,0.04980618356784626
beta,variable,8,478,0.7301255230125523,0.7571008593841525,0.8873858865862597,0.134853266908318,0.09082322782589011,0.27902298926101865,0.02697533637160012
beta,fixed,1,478,0.7301255230125523,0.3747001214963496,0.6184669376513183,0.3502342465110833,0.3767211538123005,0.5255756104064486,-0.35542540151620267
beta,fixed,2,478,0.7301255230125523,0.43580814446884036,0.6311499078207947,0.31796786244129377,0.32830455195427966,0.5114135840331919,-0.29431737854371187
beta,fixed,3,478,0.7301255230125523,0.5097073505359719,0.6924768441394016,0.26316965852699964,0.24889650877829875,0.45536202018068817,-0.22041817247658038
beta,fixed,4,478,0.7301255230125523,0.5556430290008711,0.7250394260456231,0.2343171663253614,0.2025885043941628,0.4438068113594429,-0.17448249401168112
beta,fixed,5,478,0.7301255230125523,0.6164724654642961,0.7718398080895582,0.19898673229259545,0.14006989254308144,0.4795006744282607,-0.11365305754825616
beta,fixed,6,478,0.7301255230125523,0.6594033912130612,0.8030252548810555,0.17837986197492933,0.11222898266997175,0.38824728257276336,-0.070722131799491
beta,fixed,7,478,0.7301255230125523,0.7179142443054837,0.8507585349059328,0.1513795017076618,0.08580025857213561,0.32042703907067716,-0.012211278707068512
beta,fixed,8,478,0.7301255230125523,0.7571008593841525,0.8873858865862597,0.134853266908318,0.09082322782589011,0.27902298926101865,0.02697533637160012
prior_shift_em,variable,1,5707,0.23199579463816367,0.08146541897713283,0.7482317185390134,0.17992905954555702,0.15213223007600074,0.28933451350167894,-0.1505303756610309
prior_shift_em,variable,2,3587,0.35098968497351546,0.14594734105070742,0.7121745767245591,0.2362595580346713,0.2050423439228081,0.4099556355340173,-0.2050423439228081
prior_shift_em,variable,3,2555,0.43796477495107633,0.23989161024881597,0.7618238155336664,0.22766532075746038,0.19807316470226027,0.2738713233511414,-0.19807316470226027
prior_shift_em,variable,4,1829,0.5079278294149808,0.30781126241444284,0.7901758162899175,0.22688971703629823,0.20011656700053806,0.28963203987615205,-0.20011656700053806
prior_shift_em,variable,5,1346,0.5638930163447251,0.396400578204153,0.8264662774699069,0.2000853175839226,0.16749243814057213,0.2846162212892698,-0.16749243814057213
prior_shift_em,variable,6,934,0.6231263383297645,0.4602045004034308,0.8442478912839737,0.1934681658734001,0.16441729664368046,0.29710668961113745,-0.16292183792633377
prior_shift_em,variable,7,682,0.6730205278592375,0.5288778286530944,0.86594956866653,0.1695789638146671,0.14593532756043773,0.3349518653493716,-0.14414269920614317
prior_shift_em,variable,8,478,0.7301255230125523,0.5904881959242284,0.8873858865862597,0.1544742474097719,0.13963732708832394,0.4481703605614352,-0.13963732708832394
prior_shift_em,fixed,1,478,0.7301255230125523,0.11848521090107633,0.6184669376513183,0.5830409052086089,0.6208181157345654,0.6704893648481449,-0.611640312111476
prior_shift_em,fixed,2,478,0.7301255230125523,0.17970091261131194,0.6311499078207947,0.5300627197469596,0.5613322150670221,0.6401400871378589,-0.5504246104012405
prior_shift_em,fixed,3,478,0.7301255230125523,0.2581448714731152,0.6924768441394016,0.4493293007976144,0.4741725249192195,0.6424098710292296,-0.4719806515394372
prior_shift_em,fixed,4,478,0.7301255230125523,0.30189558420115636,0.7250394260456231,0.4035926905795794,0.4295098449672599,0.6277578439503505,-0.428229938811396
prior_shift_em,fixed,5,478,0.7301255230125523,0.37891085135897046,0.7718398080895582,0.3318457516851421,0.3536205044820962,0.5587060257478345,-0.35121467165358183
prior_shift_em,fixed,6,478,0.7301255230125523,0.43945135005013664,0.8030252548810555,0.28009735880362213,0.29067417296241566,0.5910096588602309,-0.29067417296241566
prior_shift_em,fixed,7,478,0.7301255230125523,0.5231358357497123,0.8507585349059328,0.20538488732631272,0.20698968726284003,0.4805707795227573,-0.20698968726284003
prior_shift_em,fixed,8,478,0.7301255230125523,0.5904881959242284,0.8873858865862597,0.1544742474097719,0.13963732708832394,0.4481703605614352,-0.13963732708832394
platt_then_prior_shift,variable,1,5707,0.23199579463816367,0.10216766412599562,0.7482317185390134,0.1725047700220572,0.1324358918199991,0.21722695648936496,-0.12982813051216807
platt_then_prior_shift,variable,2,3587,0.35098968497351546,0.1760425313371138,0.7121745767245591,0.2254016425180943,0.17822459328144977,0.24965249304690754,-0.17494715363640165
platt_then_prior_shift,variable,3,2555,0.43796477495107633,0.276937338987389,0.7618238155336664,0.21530154966861473,0.16246620264073935,0.2483127840358985,-0.16102743596368735
platt_then_prior_shift,variable,4,1829,0.5079278294149808,0.34823116169345536,0.7901758162899175,0.21226586749539078,0.164367091003228,0.2356672691183674,-0.15969666772152552
platt_then_prior_shift,variable,5,1346,0.5638930163447251,0.43821342453485096,0.8264662774699069,0.18736336939894754,0.13848145442288423,0.2578691044961353,-0.1256795918098742
platt_then_prior_shift,variable,6,934,0.6231263383297645,0.5024597832021099,0.8442478912839737,0.18111689603231115,0.13967325680489806,0.28045778185127535,-0.12066655512765455
platt_then_prior_shift,variable,7,682,0.6730205278592375,0.5703634088572365,0.86594956866653,0.15869385462424204,0.11983942263066709,0.2779621981374401,-0.10265711900200113
platt_then_prior_shift,variable,8,478,0.7301255230125523,0.628655434463702,0.8873858865862597,0.1434305705268859,0.10815537638132704,0.4381101725890156,-0.10147008854885035
platt_then_prior_shift,fixed,1,478,0.7301255230125523,0.14964711929214114,0.6184669376513183,0.55173378480312,0.5950196557192036,0.6414022054118765,-0.5804784037204112
platt_then_prior_shift,fixed,2,478,0.7301255230125523,0.2145853421912321,0.6311499078207947,0.49988253561026313,0.5378623135736611,0.73929909171902,-0.51554018082132
platt_then_prior_shift,fixed,3,478,0.7301255230125523,0.2979448083037104,0.6924768441394016,0.41819378840693106,0.44624023069740676,0.5993086139161447,-0.43218071470884195
platt_then_prior_shift,fixed,4,478,0.7301255230125523,0.34564262698132897,0.7250394260456231,0.37104879110873407,0.3949696883248912,0.5338635224683079,-0.3844828960312233
platt_then_prior_shift,fixed,5,478,0.7301255230125523,0.4233219765108376,0.7718398080895582,0.3026249899892629,0.3207471685557704,0.5148064625296138,-0.30680354650171476
platt_then_prior_shift,fixed,6,478,0.7301255230125523,0.48316573660802226,0.8030252548810555,0.25499486623855266,0.26111697619952573,0.4806420187930329,-0.24695978640453015
platt_then_prior_shift,fixed,7,478,0.7301255230125523,0.5653997943637521,0.8507585349059328,0.18725564122032548,0.18154711701780532,0.4164772333407142,-0.16472572864880022
platt_then_prior_shift,fixed,8,478,0.7301255230125523,0.628655434463702,0.8873858865862597,0.1434305705268859,0.10815537638132704,0.4381101725890156,-0.10147008854885035
prior_shift_oracle,variable,1,5707,0.23199579463816367,0.1468756583850918,0.7482317185390134,0.160477403104364,0.08827989239993098,0.21921535299908013,-0.08512013625307185
prior_shift_oracle,variable,2,3587,0.35098968497351546,0.22854837975048195,0.7121745767245591,0.20856977404615107,0.1291275498036324,0.17658866948785276,-0.12244130522303351
prior_shift_oracle,variable,3,2555,0.43796477495107633,0.3284576752209651,0.7618238155336664,0.19952063655398186,0.11497616326986541,0.15934791379265567,-0.10950709973011118
prior_shift_oracle,variable,4,1829,0.5079278294149808,0.39835433737345616,0.7901758162899175,0.1953797446516059,0.11496088878374075,0.19123226273986477,-0.1095734920415247
prior_shift_oracle,variable,5,1346,0.5638930163447251,0.48330074419111746,0.8264662774699069,0.1739492756437973,0.09139727510104947,0.1920352213520008,-0.08059227215360765
prior_shift_oracle,variable,6,934,0.6231263383297645,0.5423540046684464,0.8442478912839737,0.16759428410925833,0.10108141506817653,0.24261207769327175,-0.08077233366131809
prior_shift_oracle,variable,7,682,0.6730205278592375,0.6054198863638639,0.86594956866653,0.1483594708502848,0.08684726620980858,0.2813542874601736,-0.0676006414953736
prior_shift_oracle,variable,8,478,0.7301255230125523,0.6579083447018347,0.8873858865862597,0.13319498795895782,0.08098124012815398,0.2990506932755383,-0.07221717831071751
prior_shift_oracle,fixed,1,478,0.7301255230125523,0.20643402354332518,0.6184669376513183,0.4866197782042912,0.5338765872155047,0.6684426622755865,-0.5236914994692272
prior_shift_oracle,fixed,2,478,0.7301255230125523,0.26936848225537346,0.6311499078207947,0.4405175642468472,0.4799503583344301,0.6080091619553218,-0.46075704075717894
prior_shift_oracle,fixed,3,478,0.7301255230125523,0.3492743181015974,0.6924768441394016,0.3668750761161669,0.394295474557341,0.5389785122565023,-0.38085120491095487
prior_shift_oracle,fixed,4,478,0.7301255230125523,0.39583573694185076,0.7250394260456231,0.32459975691068255,0.3446410605568912,0.4952879976009138,-0.33428978607070153
prior_shift_oracle,fixed,5,478,0.7301255230125523,0.4688834324590508,0.7718398080895582,0.26539380108851124,0.27065310108478985,0.45300632596901,-0.2612420905535015
prior_shift_oracle,fixed,6,478,0.7301255230125523,0.5243626593091271,0.8030252548810555,0.225408748277375,0.21951653312049374,0.40868161213736576,-0.20576286370342517
prior_shift_oracle,fixed,7,478,0.7301255230125523,0.600505603897347,0.8507585349059328,0.16906092822679353,0.1441841561838587,0.33419039030031295,-0.12961991911520537
prior_shift_oracle,fixed,8,478,0.7301255230125523,0.6579083447018347,0.8873858865862597,0.13319498795895782,0.08098124012815398,0.2990506932755383,-0.07221717831071751
